Source,Target,Type,Id,Label,Weight,Color
"Atlan, Henri",programme,Directed,0,,59,"#548ac2"
"Atlan, Henri",réseau,Directed,1,,56,"#548ac2"
"Atlan, Henri",science,Directed,2,,57,"#548ac2"
"Atlan, Henri",signification,Directed,3,,65,"#548ac2"
"Atlan, Henri",séquence,Directed,4,,64,"#548ac2"
"Baldwin, Thomas",amour,Directed,5,,47,"#548ac2"
"Baldwin, Thomas",brentano,Directed,6,,63,"#548ac2"
"Baldwin, Thomas",correct,Directed,7,,41,"#548ac2"
"Baldwin, Thomas",intrinsèque,Directed,8,,44,"#548ac2"
"Baldwin, Thomas",valeur,Directed,9,,50,"#548ac2"
"Baugh, Bruce",conscience,Directed,10,,56,"#548ac2"
"Baugh, Bruce",cpm,Directed,11,,64,"#548ac2"
"Baugh, Bruce",liberté,Directed,12,,43,"#548ac2"
"Baugh, Bruce",situation,Directed,13,,41,"#548ac2"
"Baugh, Bruce",vérité,Directed,14,,51,"#548ac2"
"Blais, François",droit,Directed,15,,363,"#548ac2"
"Blais, François",juridique,Directed,16,,126,"#548ac2"
"Blais, François",philosophie,Directed,17,,101,"#548ac2"
"Blais, François",positivisme,Directed,18,,113,"#548ac2"
"Blais, François",théorie,Directed,19,,83,"#548ac2"
"Boi, Luciano",espace,Directed,20,,308,"#548ac2"
"Boi, Luciano",géométrie,Directed,21,,156,"#548ac2"
"Boi, Luciano",mathématique,Directed,22,,253,"#548ac2"
"Boi, Luciano",physique,Directed,23,,278,"#548ac2"
"Boi, Luciano",théorie,Directed,24,,186,"#548ac2"
"Bonin, Pierre-Yves",droit,Directed,25,,65,"#548ac2"
"Bonin, Pierre-Yves",libéralisme,Directed,26,,56,"#548ac2"
"Bonin, Pierre-Yves",règle,Directed,27,,44,"#548ac2"
"Bonin, Pierre-Yves",taylor,Directed,28,,59,"#548ac2"
"Bonin, Pierre-Yves",type,Directed,29,,49,"#548ac2"
"Bouchard, Guy",femme,Directed,30,,177,"#548ac2"
"Bouchard, Guy",féminisme,Directed,31,,318,"#548ac2"
"Bouchard, Guy",oppression,Directed,32,,83,"#548ac2"
"Bouchard, Guy",radical,Directed,33,,115,"#548ac2"
"Bouchard, Guy",tendance,Directed,34,,95,"#548ac2"
"Bouet, Jacques",circulaire,Directed,35,,11,"#548ac2"
"Bouet, Jacques",corps,Directed,36,,10,"#548ac2"
"Bouet, Jacques",modèle,Directed,37,,13,"#548ac2"
"Bouet, Jacques",mouvement,Directed,38,,25,"#548ac2"
"Bouet, Jacques",observateur,Directed,39,,14,"#548ac2"
"Boulad-Ayoub, Josiane",descarte,Directed,40,,83,"#548ac2"
"Boulad-Ayoub, Josiane",idée,Directed,41,,116,"#548ac2"
"Boulad-Ayoub, Josiane",mahomet,Directed,42,,100,"#548ac2"
"Boulad-Ayoub, Josiane",politique,Directed,43,,79,"#548ac2"
"Boulad-Ayoub, Josiane",voltaire,Directed,44,,115,"#548ac2"
"Bourneuf, Éric",gnoséologie,Directed,45,,126,"#548ac2"
"Bourneuf, Éric",objet,Directed,46,,91,"#548ac2"
"Bourneuf, Éric",référence,Directed,47,,92,"#548ac2"
"Bourneuf, Éric",terme,Directed,48,,200,"#548ac2"
"Bourneuf, Éric",théorie,Directed,49,,205,"#548ac2"
"Brodeur, Jean-Paul",justice,Directed,50,,86,"#548ac2"
"Brodeur, Jean-Paul",principe,Directed,51,,45,"#548ac2"
"Brodeur, Jean-Paul",pénal,Directed,52,,54,"#548ac2"
"Brodeur, Jean-Paul",rawl,Directed,53,,62,"#548ac2"
"Brodeur, Jean-Paul",social,Directed,54,,30,"#548ac2"
"Buckley, R.",authenticité,Directed,55,,70,"#548ac2"
"Buckley, R.",dasein,Directed,56,,73,"#548ac2"
"Buckley, R.",heidegger,Directed,57,,75,"#548ac2"
"Buckley, R.",husserl,Directed,58,,44,"#548ac2"
"Buckley, R.",vie,Directed,59,,44,"#548ac2"
"Cantin, Serge",dumont,Directed,60,,147,"#548ac2"
"Cantin, Serge",homme,Directed,61,,96,"#548ac2"
"Cantin, Serge",individu,Directed,62,,116,"#548ac2"
"Cantin, Serge",mar,Directed,63,,177,"#548ac2"
"Cantin, Serge",société,Directed,64,,96,"#548ac2"
"Cayla, Fabien",acte,Directed,65,,71,"#548ac2"
"Cayla, Fabien",brentano,Directed,66,,36,"#548ac2"
"Cayla, Fabien",chose,Directed,67,,42,"#548ac2"
"Cayla, Fabien",intention,Directed,68,,44,"#548ac2"
"Cayla, Fabien",objet,Directed,69,,74,"#548ac2"
"Charbonneau, Louis",algèbre,Directed,70,,32,"#548ac2"
"Charbonneau, Louis",analyse,Directed,71,,28,"#548ac2"
"Charbonneau, Louis",descarte,Directed,72,,75,"#548ac2"
"Charbonneau, Louis",géométrique,Directed,73,,33,"#548ac2"
"Charbonneau, Louis",problème,Directed,74,,30,"#548ac2"
"Charles, Daniel",cometti,Directed,75,,20,"#548ac2"
"Charles, Daniel",esthétique,Directed,76,,10,"#548ac2"
"Charles, Daniel",musil,Directed,77,,12,"#548ac2"
"Charles, Daniel",qualité,Directed,78,,10,"#548ac2"
"Charles, Daniel",wittgenstein,Directed,79,,17,"#548ac2"
"Charles, Syliane",esprit,Directed,80,,58,"#548ac2"
"Charles, Syliane",forme,Directed,81,,64,"#548ac2"
"Charles, Syliane",hegel,Directed,82,,57,"#548ac2"
"Charles, Syliane",philosophie,Directed,83,,39,"#548ac2"
"Charles, Syliane",poésie,Directed,84,,49,"#548ac2"
"Cometti, Jean-Pierre",haberma,Directed,85,,68,"#548ac2"
"Cometti, Jean-Pierre",point,Directed,86,,23,"#548ac2"
"Cometti, Jean-Pierre",rationalité,Directed,87,,47,"#548ac2"
"Cometti, Jean-Pierre",théorie,Directed,88,,41,"#548ac2"
"Cometti, Jean-Pierre",voir,Directed,89,,29,"#548ac2"
"Cornu, Roger",configuration,Directed,90,,34,"#548ac2"
"Cornu, Roger",notion,Directed,91,,39,"#548ac2"
"Cornu, Roger",social,Directed,92,,59,"#548ac2"
"Cornu, Roger",société,Directed,93,,40,"#548ac2"
"Cornu, Roger",évolution,Directed,94,,72,"#548ac2"
"Coutel, Charles",condorcet,Directed,95,,37,"#548ac2"
"Coutel, Charles",discours,Directed,96,,19,"#548ac2"
"Coutel, Charles",europe,Directed,97,,26,"#548ac2"
"Coutel, Charles",utopie,Directed,98,,25,"#548ac2"
"Coutel, Charles",utopique,Directed,99,,30,"#548ac2"
"Couture, Jocelyne",conception,Directed,100,,142,"#548ac2"
"Couture, Jocelyne",moral,Directed,101,,129,"#548ac2"
"Couture, Jocelyne",politique,Directed,102,,94,"#548ac2"
"Couture, Jocelyne",public,Directed,103,,100,"#548ac2"
"Couture, Jocelyne",raison,Directed,104,,171,"#548ac2"
"Côté, Marcel",dictionnair,Directed,105,,70,"#548ac2"
"Côté, Marcel",dictionnaire,Directed,106,,177,"#548ac2"
"Côté, Marcel",pari,Directed,107,,60,"#548ac2"
"Côté, Marcel",philosophie,Directed,108,,144,"#548ac2"
"Côté, Marcel",philosophique,Directed,109,,121,"#548ac2"
"Da Silveira, Pablo",conception,Directed,110,,133,"#548ac2"
"Da Silveira, Pablo",individu,Directed,111,,80,"#548ac2"
"Da Silveira, Pablo",neutralité,Directed,112,,144,"#548ac2"
"Da Silveira, Pablo",neutre,Directed,113,,51,"#548ac2"
"Da Silveira, Pablo",vie,Directed,114,,52,"#548ac2"
"Davion, Victoria",action,Directed,115,,28,"#548ac2"
"Davion, Victoria",dissuasion,Directed,116,,44,"#548ac2"
"Davion, Victoria",gauthier,Directed,117,,27,"#548ac2"
"Davion, Victoria",politique,Directed,118,,93,"#548ac2"
"Davion, Victoria",principe,Directed,119,,39,"#548ac2"
"Dorion, Louis-André",aristote,Directed,120,,78,"#548ac2"
"Dorion, Louis-André",dialectique,Directed,121,,114,"#548ac2"
"Dorion, Louis-André",raison,Directed,122,,42,"#548ac2"
"Dorion, Louis-André",terme,Directed,123,,38,"#548ac2"
"Dorion, Louis-André",top,Directed,124,,58,"#548ac2"
"Drevet, Patrick",monde,Directed,125,,24,"#548ac2"
"Drevet, Patrick",mot,Directed,126,,28,"#548ac2"
"Drevet, Patrick",prendre,Directed,127,,21,"#548ac2"
"Drevet, Patrick",écriture,Directed,128,,25,"#548ac2"
"Drevet, Patrick",écrivain,Directed,129,,25,"#548ac2"
"Dreyfus, Hubert",action,Directed,130,,45,"#548ac2"
"Dreyfus, Hubert",agir,Directed,131,,35,"#548ac2"
"Dreyfus, Hubert",heidegger,Directed,132,,61,"#548ac2"
"Dreyfus, Hubert",monde,Directed,133,,36,"#548ac2"
"Dreyfus, Hubert",objet,Directed,134,,41,"#548ac2"
"Duchesneau, François",descarte,Directed,135,,81,"#548ac2"
"Duchesneau, François",leibniz,Directed,136,,123,"#548ac2"
"Duchesneau, François",modèle,Directed,137,,88,"#548ac2"
"Duchesneau, François",physique,Directed,138,,70,"#548ac2"
"Duchesneau, François",principe,Directed,139,,88,"#548ac2"
"Dumouchel, Daniel",descarte,Directed,140,,77,"#548ac2"
"Dumouchel, Daniel",discours,Directed,141,,76,"#548ac2"
"Dumouchel, Daniel",esthétique,Directed,142,,63,"#548ac2"
"Dumouchel, Daniel",méthode,Directed,143,,58,"#548ac2"
"Dumouchel, Daniel",sublime,Directed,144,,62,"#548ac2"
"Dumouchel, Paul",biologie,Directed,145,,39,"#548ac2"
"Dumouchel, Paul",duchesneau,Directed,146,,20,"#548ac2"
"Dumouchel, Paul",livre,Directed,147,,21,"#548ac2"
"Dumouchel, Paul",philosophie,Directed,148,,31,"#548ac2"
"Dumouchel, Paul",science,Directed,149,,27,"#548ac2"
"Engel, Pascal",dennett,Directed,150,,66,"#548ac2"
"Engel, Pascal",intentionnel,Directed,151,,43,"#548ac2"
"Engel, Pascal",pattern,Directed,152,,69,"#548ac2"
"Engel, Pascal",physique,Directed,153,,39,"#548ac2"
"Engel, Pascal",point,Directed,154,,37,"#548ac2"
"Ertler, Klaus-Dieter",environnement,Directed,155,,49,"#548ac2"
"Ertler, Klaus-Dieter",luhmann,Directed,156,,36,"#548ac2"
"Ertler, Klaus-Dieter",sens,Directed,157,,43,"#548ac2"
"Ertler, Klaus-Dieter",social,Directed,158,,34,"#548ac2"
"Ertler, Klaus-Dieter",système,Directed,159,,143,"#548ac2"
"Faucher, Luc",emotion,Directed,160,,67,"#548ac2"
"Faucher, Luc",expression,Directed,161,,50,"#548ac2"
"Faucher, Luc",social,Directed,162,,68,"#548ac2"
"Faucher, Luc",système,Directed,163,,48,"#548ac2"
"Faucher, Luc",émotion,Directed,164,,229,"#548ac2"
"Fauré, Christine",acte,Directed,165,,21,"#548ac2"
"Fauré, Christine",droit,Directed,166,,55,"#548ac2"
"Fauré, Christine",déclaration,Directed,167,,40,"#548ac2"
"Fauré, Christine",promesse,Directed,168,,17,"#548ac2"
"Fauré, Christine",serment,Directed,169,,35,"#548ac2"
"Ferland, Madeleine",fonction,Directed,170,,17,"#548ac2"
"Ferland, Madeleine",intellectuel,Directed,171,,56,"#548ac2"
"Ferland, Madeleine",politique,Directed,172,,19,"#548ac2"
"Ferland, Madeleine",québécois,Directed,173,,30,"#548ac2"
"Ferland, Madeleine",social,Directed,174,,31,"#548ac2"
"Fisette, Denis",dummett,Directed,175,,96,"#548ac2"
"Fisette, Denis",heidegger,Directed,176,,79,"#548ac2"
"Fisette, Denis",husserl,Directed,177,,107,"#548ac2"
"Fisette, Denis",objet,Directed,178,,96,"#548ac2"
"Fisette, Denis",sens,Directed,179,,94,"#548ac2"
"Foisy, Suzanne",critique,Directed,180,,48,"#548ac2"
"Foisy, Suzanne",critère,Directed,181,,42,"#548ac2"
"Foisy, Suzanne",esthétique,Directed,182,,168,"#548ac2"
"Foisy, Suzanne",jugement,Directed,183,,50,"#548ac2"
"Foisy, Suzanne",sens,Directed,184,,44,"#548ac2"
"Forster, Jean-Paul",argent,Directed,185,,18,"#548ac2"
"Forster, Jean-Paul",lettre,Directed,186,,33,"#548ac2"
"Forster, Jean-Paul",lyttelton,Directed,187,,19,"#548ac2"
"Forster, Jean-Paul",persan,Directed,188,,24,"#548ac2"
"Forster, Jean-Paul",sélim,Directed,189,,21,"#548ac2"
"Føllesdal, Dagfinn",heidegger,Directed,190,,47,"#548ac2"
"Føllesdal, Dagfinn",husserl,Directed,191,,98,"#548ac2"
"Føllesdal, Dagfinn",monde,Directed,192,,47,"#548ac2"
"Føllesdal, Dagfinn",objet,Directed,193,,54,"#548ac2"
"Føllesdal, Dagfinn",pratique,Directed,194,,35,"#548ac2"
"Gagnon, Maurice",descarte,Directed,195,,67,"#548ac2"
"Gagnon, Maurice",expérience,Directed,196,,31,"#548ac2"
"Gagnon, Maurice",métaphysique,Directed,197,,23,"#548ac2"
"Gagnon, Maurice",science,Directed,198,,23,"#548ac2"
"Gagnon, Maurice",étape,Directed,199,,26,"#548ac2"
"Gauthier, Claude",modèle,Directed,200,,47,"#548ac2"
"Gauthier, Claude",principe,Directed,201,,50,"#548ac2"
"Gauthier, Claude",second,Directed,202,,29,"#548ac2"
"Gauthier, Claude",société,Directed,203,,175,"#548ac2"
"Gauthier, Claude",spencer,Directed,204,,56,"#548ac2"
"Gauthier, Yvon",mccail,Directed,205,,15,"#548ac2"
"Gauthier, Yvon",mesure,Directed,206,,20,"#548ac2"
"Gauthier, Yvon",modèle,Directed,207,,20,"#548ac2"
"Gauthier, Yvon",temps,Directed,208,,27,"#548ac2"
"Gauthier, Yvon",univers,Directed,209,,21,"#548ac2"
"Gingras, Yves",duchesneau,Directed,210,,14,"#548ac2"
"Gingras, Yves",dynamique,Directed,211,,22,"#548ac2"
"Gingras, Yves",leibniz,Directed,212,,68,"#548ac2"
"Gingras, Yves",newton,Directed,213,,22,"#548ac2"
"Gingras, Yves",physique,Directed,214,,44,"#548ac2"
"Godin, Christian",dictionnaire,Directed,215,,49,"#548ac2"
"Godin, Christian",encyclopédie,Directed,216,,100,"#548ac2"
"Godin, Christian",savoir,Directed,217,,54,"#548ac2"
"Godin, Christian",siècle,Directed,218,,42,"#548ac2"
"Godin, Christian",totalité,Directed,219,,43,"#548ac2"
"Gombay, André",bill,Directed,220,,12,"#548ac2"
"Gombay, André",carrière,Directed,221,,19,"#548ac2"
"Gombay, André",descarte,Directed,222,,46,"#548ac2"
"Gombay, André",shea,Directed,223,,18,"#548ac2"
"Gombay, André",siècle,Directed,224,,13,"#548ac2"
"Gouin, Jean-Luc",absolu,Directed,225,,40,"#548ac2"
"Gouin, Jean-Luc",hegel,Directed,226,,41,"#548ac2"
"Gouin, Jean-Luc",raison,Directed,227,,120,"#548ac2"
"Gouin, Jean-Luc",savoir,Directed,228,,42,"#548ac2"
"Gouin, Jean-Luc",sens,Directed,229,,47,"#548ac2"
"Grondin, Jean",chose,Directed,230,,45,"#548ac2"
"Grondin, Jean",heidegger,Directed,231,,42,"#548ac2"
"Grondin, Jean",herméneutique,Directed,232,,36,"#548ac2"
"Grondin, Jean",husserl,Directed,233,,74,"#548ac2"
"Grondin, Jean",phénoménologie,Directed,234,,40,"#548ac2"
"Guay, Éric",absolu,Directed,235,,41,"#548ac2"
"Guay, Éric",conscience,Directed,236,,42,"#548ac2"
"Guay, Éric",esprit,Directed,237,,43,"#548ac2"
"Guay, Éric",hegel,Directed,238,,54,"#548ac2"
"Guay, Éric",savoir,Directed,239,,53,"#548ac2"
"Guérin, Michel",chose,Directed,240,,54,"#548ac2"
"Guérin, Michel",discours,Directed,241,,41,"#548ac2"
"Guérin, Michel",lieu,Directed,242,,95,"#548ac2"
"Guérin, Michel",méthode,Directed,243,,107,"#548ac2"
"Guérin, Michel",oeuvre,Directed,244,,76,"#548ac2"
"Hadreas, Peter",contexte,Directed,245,,34,"#548ac2"
"Hadreas, Peter",littéral,Directed,246,,29,"#548ac2"
"Hadreas, Peter",searle,Directed,247,,36,"#548ac2"
"Hadreas, Peter",signification,Directed,248,,30,"#548ac2"
"Hadreas, Peter",écriture,Directed,249,,66,"#548ac2"
"Hatzenberger, Antoine",heidegger,Directed,250,,20,"#548ac2"
"Hatzenberger, Antoine",moral,Directed,251,,17,"#548ac2"
"Hatzenberger, Antoine",réflexion,Directed,252,,47,"#548ac2"
"Hatzenberger, Antoine",sartre,Directed,253,,24,"#548ac2"
"Hatzenberger, Antoine",temps,Directed,254,,19,"#548ac2"
"Hjort, Mette",culture,Directed,255,,35,"#548ac2"
"Hjort, Mette",danois,Directed,256,,25,"#548ac2"
"Hjort, Mette",film,Directed,257,,49,"#548ac2"
"Hjort, Mette",international,Directed,258,,35,"#548ac2"
"Hjort, Mette",public,Directed,259,,44,"#548ac2"
"Hébert, Robert",droit,Directed,260,,52,"#548ac2"
"Hébert, Robert",français,Directed,261,,17,"#548ac2"
"Hébert, Robert",juge,Directed,262,,25,"#548ac2"
"Hébert, Robert",juridique,Directed,263,,30,"#548ac2"
"Hébert, Robert",juriste,Directed,264,,21,"#548ac2"
"Jacob, Pierre",contenu,Directed,265,,147,"#548ac2"
"Jacob, Pierre",croyance,Directed,266,,101,"#548ac2"
"Jacob, Pierre",fodor,Directed,267,,91,"#548ac2"
"Jacob, Pierre",mental,Directed,268,,77,"#548ac2"
"Jacob, Pierre",état,Directed,269,,62,"#548ac2"
"Janicaud, Dominique",histoire,Directed,270,,23,"#548ac2"
"Janicaud, Dominique",mesure,Directed,271,,44,"#548ac2"
"Janicaud, Dominique",sens,Directed,272,,25,"#548ac2"
"Janicaud, Dominique",temps,Directed,273,,114,"#548ac2"
"Janicaud, Dominique",événement,Directed,274,,64,"#548ac2"
"Joannis, David",connaissance,Directed,275,,59,"#548ac2"
"Joannis, David",conscience,Directed,276,,48,"#548ac2"
"Joannis, David",liberté,Directed,277,,19,"#548ac2"
"Joannis, David",négation,Directed,278,,17,"#548ac2"
"Joannis, David",sartre,Directed,279,,72,"#548ac2"
"Joos, Jean-Ernest",arendt,Directed,280,,33,"#548ac2"
"Joos, Jean-Ernest",devoir,Directed,281,,25,"#548ac2"
"Joos, Jean-Ernest",extermination,Directed,282,,29,"#548ac2"
"Joos, Jean-Ernest",processus,Directed,283,,24,"#548ac2"
"Joos, Jean-Ernest",sens,Directed,284,,36,"#548ac2"
"Karger, Élizabeth",proposition,Directed,285,,99,"#548ac2"
"Karger, Élizabeth",prédicat,Directed,286,,53,"#548ac2"
"Karger, Élizabeth",sémantique,Directed,287,,82,"#548ac2"
"Karger, Élizabeth",terme,Directed,288,,119,"#548ac2"
"Karger, Élizabeth",théorie,Directed,289,,64,"#548ac2"
"Kirman, Alan",modèle,Directed,290,,34,"#548ac2"
"Kirman, Alan",stratégie,Directed,291,,45,"#548ac2"
"Kirman, Alan",système,Directed,292,,41,"#548ac2"
"Kirman, Alan",économie,Directed,293,,45,"#548ac2"
"Kirman, Alan",évolutionniste,Directed,294,,49,"#548ac2"
"Knee, Philip",homme,Directed,295,,48,"#548ac2"
"Knee, Philip",loi,Directed,296,,77,"#548ac2"
"Knee, Philip",montesquieu,Directed,297,,89,"#548ac2"
"Knee, Philip",politique,Directed,298,,77,"#548ac2"
"Knee, Philip",religion,Directed,299,,45,"#548ac2"
"Kocay, Victor",esthétique,Directed,300,,173,"#548ac2"
"Kocay, Victor",objet,Directed,301,,126,"#548ac2"
"Kocay, Victor",oeuvre,Directed,302,,135,"#548ac2"
"Kocay, Victor",qualité,Directed,303,,102,"#548ac2"
"Kocay, Victor",valeur,Directed,304,,168,"#548ac2"
"Koch, Isabelle",dieu,Directed,305,,29,"#548ac2"
"Koch, Isabelle",image,Directed,306,,173,"#548ac2"
"Koch, Isabelle",principe,Directed,307,,39,"#548ac2"
"Koch, Isabelle",propre,Directed,308,,24,"#548ac2"
"Koch, Isabelle",ressemblance,Directed,309,,57,"#548ac2"
"Labarrière, Jean-Louis",loi,Directed,310,,22,"#548ac2"
"Labarrière, Jean-Louis",religion,Directed,311,,21,"#548ac2"
"Labarrière, Jean-Louis",ruine,Directed,312,,21,"#548ac2"
"Labarrière, Jean-Louis",temps,Directed,313,,26,"#548ac2"
"Labarrière, Jean-Louis",volney,Directed,314,,37,"#548ac2"
"Lacharité, Normand",energy,Directed,315,,29,"#548ac2"
"Lacharité, Normand",form,Directed,316,,25,"#548ac2"
"Lacharité, Normand",information,Directed,317,,47,"#548ac2"
"Lacharité, Normand",mas,Directed,318,,24,"#548ac2"
"Lacharité, Normand",relation,Directed,319,,24,"#548ac2"
"Lafrance, Yvon",concept,Directed,320,,48,"#548ac2"
"Lafrance, Yvon",lerou,Directed,321,,41,"#548ac2"
"Lafrance, Yvon",plotin,Directed,322,,46,"#548ac2"
"Lafrance, Yvon",texte,Directed,323,,38,"#548ac2"
"Lafrance, Yvon",volonté,Directed,324,,31,"#548ac2"
"Lagueux, Maurice",entrepreneur,Directed,325,,42,"#548ac2"
"Lagueux, Maurice",explication,Directed,326,,32,"#548ac2"
"Lagueux, Maurice",expliquer,Directed,327,,53,"#548ac2"
"Lagueux, Maurice",sélection,Directed,328,,62,"#548ac2"
"Lagueux, Maurice",théorie,Directed,329,,37,"#548ac2"
"Langlois, Luc",gadamer,Directed,330,,30,"#548ac2"
"Langlois, Luc",grondin,Directed,331,,30,"#548ac2"
"Langlois, Luc",herméneutique,Directed,332,,80,"#548ac2"
"Langlois, Luc",langage,Directed,333,,59,"#548ac2"
"Langlois, Luc",sens,Directed,334,,42,"#548ac2"
"Lanteigne, Josette",jugement,Directed,335,,154,"#548ac2"
"Lanteigne, Josette",langage,Directed,336,,34,"#548ac2"
"Lanteigne, Josette",penser,Directed,337,,38,"#548ac2"
"Lanteigne, Josette",synthèse,Directed,338,,48,"#548ac2"
"Lanteigne, Josette",wittgenstein,Directed,339,,40,"#548ac2"
"Larmore, Charles",autonomie,Directed,340,,43,"#548ac2"
"Larmore, Charles",falloir,Directed,341,,41,"#548ac2"
"Larmore, Charles",moral,Directed,342,,68,"#548ac2"
"Larmore, Charles",morale,Directed,343,,89,"#548ac2"
"Larmore, Charles",raison,Directed,344,,52,"#548ac2"
"Lecourt, Dominique",nature,Directed,345,,48,"#548ac2"
"Lecourt, Dominique",newton,Directed,346,,20,"#548ac2"
"Lecourt, Dominique",philosophie,Directed,347,,42,"#548ac2"
"Lecourt, Dominique",science,Directed,348,,36,"#548ac2"
"Lecourt, Dominique",système,Directed,349,,21,"#548ac2"
"Legault, Georges",discours,Directed,350,,64,"#548ac2"
"Legault, Georges",délibération,Directed,351,,39,"#548ac2"
"Legault, Georges",humain,Directed,352,,36,"#548ac2"
"Legault, Georges",question,Directed,353,,40,"#548ac2"
"Legault, Georges",éthique,Directed,354,,96,"#548ac2"
"Leroux, Georges",grec,Directed,355,,93,"#548ac2"
"Leroux, Georges",mythe,Directed,356,,37,"#548ac2"
"Leroux, Georges",pensée,Directed,357,,61,"#548ac2"
"Leroux, Georges",philosophie,Directed,358,,58,"#548ac2"
"Leroux, Georges",raison,Directed,359,,69,"#548ac2"
"Light, Steve",baudrillard,Directed,360,,78,"#548ac2"
"Light, Steve",critique,Directed,361,,32,"#548ac2"
"Light, Steve",question,Directed,362,,21,"#548ac2"
"Light, Steve",réel,Directed,363,,25,"#548ac2"
"Light, Steve",système,Directed,364,,21,"#548ac2"
"Livet, Pierre",heidegger,Directed,365,,66,"#548ac2"
"Livet, Pierre",husserl,Directed,366,,63,"#548ac2"
"Livet, Pierre",jeu,Directed,367,,92,"#548ac2"
"Livet, Pierre",stratégie,Directed,368,,92,"#548ac2"
"Livet, Pierre",équilibre,Directed,369,,80,"#548ac2"
"Livingston, Paisley",agent,Directed,370,,93,"#548ac2"
"Livingston, Paisley",bratman,Directed,371,,65,"#548ac2"
"Livingston, Paisley",cas,Directed,372,,37,"#548ac2"
"Livingston, Paisley",intention,Directed,373,,108,"#548ac2"
"Livingston, Paisley",rationalité,Directed,374,,62,"#548ac2"
"Lories, Danielle",esthétique,Directed,375,,34,"#548ac2"
"Lories, Danielle",objet,Directed,376,,29,"#548ac2"
"Lories, Danielle",oeuvre,Directed,377,,174,"#548ac2"
"Lories, Danielle",sens,Directed,378,,34,"#548ac2"
"Lories, Danielle",type,Directed,379,,28,"#548ac2"
"Luc, Laurent-Paul",hegel,Directed,380,,184,"#548ac2"
"Luc, Laurent-Paul",jésus,Directed,381,,112,"#548ac2"
"Luc, Laurent-Paul",religion,Directed,382,,262,"#548ac2"
"Luc, Laurent-Paul",trad,Directed,383,,105,"#548ac2"
"Luc, Laurent-Paul",vie,Directed,384,,197,"#548ac2"
"Maggini, Golfo",gestalt,Directed,385,,38,"#548ac2"
"Maggini, Golfo",heidegger,Directed,386,,54,"#548ac2"
"Maggini, Golfo",métaphysique,Directed,387,,73,"#548ac2"
"Maggini, Golfo",subjectivité,Directed,388,,41,"#548ac2"
"Maggini, Golfo",système,Directed,389,,54,"#548ac2"
"Marchildon, Louis",branche,Directed,390,,33,"#548ac2"
"Marchildon, Louis",mccail,Directed,391,,43,"#548ac2"
"Marchildon, Louis",modèle,Directed,392,,43,"#548ac2"
"Marchildon, Louis",probabilité,Directed,393,,21,"#548ac2"
"Marchildon, Louis",univers,Directed,394,,20,"#548ac2"
"Marion, Mathieu",arithmétique,Directed,395,,68,"#548ac2"
"Marion, Mathieu",gauthier,Directed,396,,79,"#548ac2"
"Marion, Mathieu",nombre,Directed,397,,87,"#548ac2"
"Marion, Mathieu",règle,Directed,398,,84,"#548ac2"
"Marion, Mathieu",wittgenstein,Directed,399,,178,"#548ac2"
"Mathiot, Jean",modèle,Directed,400,,34,"#548ac2"
"Mathiot, Jean",processus,Directed,401,,31,"#548ac2"
"Mathiot, Jean",temps,Directed,402,,45,"#548ac2"
"Mathiot, Jean",théorie,Directed,403,,40,"#548ac2"
"Mathiot, Jean",évolution,Directed,404,,76,"#548ac2"
"Matte, Martin",esthétique,Directed,405,,101,"#548ac2"
"Matte, Martin",rousseau,Directed,406,,146,"#548ac2"
"Matte, Martin",schiller,Directed,407,,83,"#548ac2"
"Matte, Martin",scène,Directed,408,,84,"#548ac2"
"Matte, Martin",théâtre,Directed,409,,124,"#548ac2"
"McCaIl, Storrs",branche,Directed,410,,64,"#548ac2"
"McCaIl, Storrs",marchildon,Directed,411,,31,"#548ac2"
"McCaIl, Storrs",modèle,Directed,412,,77,"#548ac2"
"McCaIl, Storrs",probabilité,Directed,413,,34,"#548ac2"
"McCaIl, Storrs",résultat,Directed,414,,31,"#548ac2"
"McCormick, Peter",idée,Directed,415,,94,"#548ac2"
"McCormick, Peter",ker,Directed,416,,95,"#548ac2"
"McCormick, Peter",objet,Directed,417,,43,"#548ac2"
"McCormick, Peter",raison,Directed,418,,61,"#548ac2"
"McCormick, Peter",transcendantal,Directed,419,,38,"#548ac2"
"Melkevik, Bjarne",critique,Directed,420,,29,"#548ac2"
"Melkevik, Bjarne",droit,Directed,421,,44,"#548ac2"
"Melkevik, Bjarne",haberma,Directed,422,,81,"#548ac2"
"Melkevik, Bjarne",politique,Directed,423,,50,"#548ac2"
"Melkevik, Bjarne",rawl,Directed,424,,74,"#548ac2"
"Mendonça, W.",artificiel,Directed,425,,28,"#548ac2"
"Mendonça, W.",intelligence,Directed,426,,41,"#548ac2"
"Mendonça, W.",ordinateur,Directed,427,,24,"#548ac2"
"Mendonça, W.",signification,Directed,428,,29,"#548ac2"
"Mendonça, W.",système,Directed,429,,37,"#548ac2"
"Menke, Christoph",affect,Directed,430,,43,"#548ac2"
"Menke, Christoph",bacon,Directed,431,,41,"#548ac2"
"Menke, Christoph",esthétique,Directed,432,,52,"#548ac2"
"Menke, Christoph",politique,Directed,433,,49,"#548ac2"
"Menke, Christoph",violence,Directed,434,,48,"#548ac2"
"Michel, Alain",concept,Directed,435,,49,"#548ac2"
"Michel, Alain",espace,Directed,436,,112,"#548ac2"
"Michel, Alain",géométrie,Directed,437,,50,"#548ac2"
"Michel, Alain",mathématique,Directed,438,,59,"#548ac2"
"Michel, Alain",objet,Directed,439,,70,"#548ac2"
"Michon, Cyrille",chose,Directed,440,,66,"#548ac2"
"Michon, Cyrille",concept,Directed,441,,81,"#548ac2"
"Michon, Cyrille",occam,Directed,442,,96,"#548ac2"
"Michon, Cyrille",panaccio,Directed,443,,58,"#548ac2"
"Michon, Cyrille",signe,Directed,444,,60,"#548ac2"
"Miguelez, Roberto",chose,Directed,445,,55,"#548ac2"
"Miguelez, Roberto",droit,Directed,446,,50,"#548ac2"
"Miguelez, Roberto",objet,Directed,447,,34,"#548ac2"
"Miguelez, Roberto",possession,Directed,448,,47,"#548ac2"
"Miguelez, Roberto",rapport,Directed,449,,40,"#548ac2"
"Monnoyer, Jean-Maurice",complexe,Directed,450,,43,"#548ac2"
"Monnoyer, Jean-Maurice",ehrenfel,Directed,451,,53,"#548ac2"
"Monnoyer, Jean-Maurice",gestalt,Directed,452,,58,"#548ac2"
"Monnoyer, Jean-Maurice",mach,Directed,453,,50,"#548ac2"
"Monnoyer, Jean-Maurice",sensation,Directed,454,,35,"#548ac2"
"Montminy, Jacques",einstein,Directed,455,,53,"#548ac2"
"Montminy, Jacques",galilée,Directed,456,,31,"#548ac2"
"Montminy, Jacques",mach,Directed,457,,31,"#548ac2"
"Montminy, Jacques",mouvement,Directed,458,,89,"#548ac2"
"Montminy, Jacques",relativité,Directed,459,,69,"#548ac2"
"Morin, Yvan",action,Directed,460,,83,"#548ac2"
"Morin, Yvan",affectivité,Directed,461,,132,"#548ac2"
"Morin, Yvan",henry,Directed,462,,84,"#548ac2"
"Morin, Yvan",raison,Directed,463,,83,"#548ac2"
"Morin, Yvan",rapport,Directed,464,,69,"#548ac2"
"Moyal, Georges",descarte,Directed,465,,41,"#548ac2"
"Moyal, Georges",doute,Directed,466,,35,"#548ac2"
"Moyal, Georges",raison,Directed,467,,29,"#548ac2"
"Moyal, Georges",rêve,Directed,468,,39,"#548ac2"
"Moyal, Georges",vérité,Directed,469,,34,"#548ac2"
"Mulligan, Kevin",brentanien,Directed,470,,36,"#548ac2"
"Mulligan, Kevin",brentano,Directed,471,,51,"#548ac2"
"Mulligan, Kevin",exactitude,Directed,472,,35,"#548ac2"
"Mulligan, Kevin",husserl,Directed,473,,42,"#548ac2"
"Mulligan, Kevin",philosophie,Directed,474,,80,"#548ac2"
"Méchoulan, Éric",pascal,Directed,475,,46,"#548ac2"
"Méchoulan, Éric",politique,Directed,476,,59,"#548ac2"
"Méchoulan, Éric",pouvoir,Directed,477,,34,"#548ac2"
"Méchoulan, Éric",respect,Directed,478,,35,"#548ac2"
"Méchoulan, Éric",signe,Directed,479,,42,"#548ac2"
"Nadeau, Robert",hayek,Directed,480,,131,"#548ac2"
"Nadeau, Robert",kuhn,Directed,481,,182,"#548ac2"
"Nadeau, Robert",science,Directed,482,,171,"#548ac2"
"Nadeau, Robert",scientifique,Directed,483,,86,"#548ac2"
"Nadeau, Robert",théorie,Directed,484,,81,"#548ac2"
"Ndiayé, Aloyse-Raymond",arnauld,Directed,485,,46,"#548ac2"
"Ndiayé, Aloyse-Raymond",corps,Directed,486,,99,"#548ac2"
"Ndiayé, Aloyse-Raymond",descarte,Directed,487,,64,"#548ac2"
"Ndiayé, Aloyse-Raymond",machine,Directed,488,,52,"#548ac2"
"Ndiayé, Aloyse-Raymond",âme,Directed,489,,50,"#548ac2"
"Nicolas, Yann",carnap,Directed,490,,57,"#548ac2"
"Nicolas, Yann",culturel,Directed,491,,55,"#548ac2"
"Nicolas, Yann",objet,Directed,492,,123,"#548ac2"
"Nicolas, Yann",physique,Directed,493,,32,"#548ac2"
"Nicolas, Yann",science,Directed,494,,30,"#548ac2"
"Nielsen, Kai",conception,Directed,495,,100,"#548ac2"
"Nielsen, Kai",libéral,Directed,496,,53,"#548ac2"
"Nielsen, Kai",raisonnable,Directed,497,,107,"#548ac2"
"Nielsen, Kai",rawl,Directed,498,,28,"#548ac2"
"Nielsen, Kai",société,Directed,499,,31,"#548ac2"
"Nootens, Geneviève",conception,Directed,500,,99,"#548ac2"
"Nootens, Geneviève",justice,Directed,501,,99,"#548ac2"
"Nootens, Geneviève",moral,Directed,502,,82,"#548ac2"
"Nootens, Geneviève",raisonnable,Directed,503,,77,"#548ac2"
"Nootens, Geneviève",rawl,Directed,504,,65,"#548ac2"
"O’Neal, John",bonnet,Directed,505,,159,"#548ac2"
"O’Neal, John",idée,Directed,506,,82,"#548ac2"
"O’Neal, John",sens,Directed,507,,51,"#548ac2"
"O’Neal, John",sensation,Directed,508,,97,"#548ac2"
"O’Neal, John",âm,Directed,509,,62,"#548ac2"
"Panaccio, Claude",chose,Directed,510,,18,"#548ac2"
"Panaccio, Claude",concept,Directed,511,,24,"#548ac2"
"Panaccio, Claude",michon,Directed,512,,18,"#548ac2"
"Panaccio, Claude",occam,Directed,513,,21,"#548ac2"
"Panaccio, Claude",thomas,Directed,514,,15,"#548ac2"
"Paradis, André",cabanis,Directed,515,,60,"#548ac2"
"Paradis, André",folie,Directed,516,,56,"#548ac2"
"Paradis, André",idée,Directed,517,,54,"#548ac2"
"Paradis, André",moral,Directed,518,,57,"#548ac2"
"Paradis, André",pinel,Directed,519,,132,"#548ac2"
"Parret, Herman",corps,Directed,520,,48,"#548ac2"
"Parret, Herman",esthétique,Directed,521,,24,"#548ac2"
"Parret, Herman",plaisir,Directed,522,,131,"#548ac2"
"Parret, Herman",sens,Directed,523,,36,"#548ac2"
"Parret, Herman",sensation,Directed,524,,58,"#548ac2"
"Perru, Olivier",association,Directed,525,,131,"#548ac2"
"Perru, Olivier",individu,Directed,526,,87,"#548ac2"
"Perru, Olivier",social,Directed,527,,85,"#548ac2"
"Perru, Olivier",société,Directed,528,,86,"#548ac2"
"Perru, Olivier",unité,Directed,529,,89,"#548ac2"
"Petitot, Jean",espace,Directed,530,,46,"#548ac2"
"Petitot, Jean",groupe,Directed,531,,43,"#548ac2"
"Petitot, Jean",physique,Directed,532,,90,"#548ac2"
"Petitot, Jean",principe,Directed,533,,53,"#548ac2"
"Petitot, Jean",transcendantal,Directed,534,,48,"#548ac2"
"Poame, Lazare",activité,Directed,535,,51,"#548ac2"
"Poame, Lazare",philosophe,Directed,536,,43,"#548ac2"
"Poame, Lazare",philosophie,Directed,537,,107,"#548ac2"
"Poame, Lazare",pratique,Directed,538,,74,"#548ac2"
"Poame, Lazare",technique,Directed,539,,279,"#548ac2"
"Poliakov, Igor",corps,Directed,540,,47,"#548ac2"
"Poliakov, Igor",hobbe,Directed,541,,149,"#548ac2"
"Poliakov, Igor",nom,Directed,542,,148,"#548ac2"
"Poliakov, Igor",objet,Directed,543,,62,"#548ac2"
"Poliakov, Igor",principe,Directed,544,,52,"#548ac2"
"Porset, Charles",ayoub,Directed,545,,25,"#548ac2"
"Porset, Charles",homme,Directed,546,,45,"#548ac2"
"Porset, Charles",nature,Directed,547,,31,"#548ac2"
"Porset, Charles",politique,Directed,548,,25,"#548ac2"
"Porset, Charles",rousseau,Directed,549,,36,"#548ac2"
"Pouivet, Roger",aristote,Directed,550,,43,"#548ac2"
"Pouivet, Roger",contradiction,Directed,551,,58,"#548ac2"
"Pouivet, Roger",lukasiewicz,Directed,552,,86,"#548ac2"
"Pouivet, Roger",objet,Directed,553,,51,"#548ac2"
"Pouivet, Roger",principe,Directed,554,,80,"#548ac2"
"Renaut, Alain",auteur,Directed,555,,19,"#548ac2"
"Renaut, Alain",droit,Directed,556,,55,"#548ac2"
"Renaut, Alain",philosophie,Directed,557,,19,"#548ac2"
"Renaut, Alain",positivisme,Directed,558,,18,"#548ac2"
"Renaut, Alain",théorie,Directed,559,,20,"#548ac2"
"Rice, Lee",causalité,Directed,560,,35,"#548ac2"
"Rice, Lee",cause,Directed,561,,43,"#548ac2"
"Rice, Lee",chose,Directed,562,,26,"#548ac2"
"Rice, Lee",essence,Directed,563,,29,"#548ac2"
"Rice, Lee",spinoza,Directed,564,,62,"#548ac2"
"Robert, Serge",futur,Directed,565,,24,"#548ac2"
"Robert, Serge",loi,Directed,566,,24,"#548ac2"
"Robert, Serge",mccail,Directed,567,,27,"#548ac2"
"Robert, Serge",modèle,Directed,568,,21,"#548ac2"
"Robert, Serge",valeur,Directed,569,,23,"#548ac2"
"Rosen, Stanley",existence,Directed,570,,51,"#548ac2"
"Rosen, Stanley",objet,Directed,571,,78,"#548ac2"
"Rosen, Stanley",perception,Directed,572,,46,"#548ac2"
"Rosen, Stanley",prédicat,Directed,573,,52,"#548ac2"
"Rosen, Stanley",réel,Directed,574,,39,"#548ac2"
"Sajous D’Oria, Michèle",cala,Directed,575,,45,"#548ac2"
"Sajous D’Oria, Michèle",caler,Directed,576,,30,"#548ac2"
"Sajous D’Oria, Michèle",fanatique,Directed,577,,29,"#548ac2"
"Sajous D’Oria, Michèle",fanatisme,Directed,578,,45,"#548ac2"
"Sajous D’Oria, Michèle",voltaire,Directed,579,,32,"#548ac2"
"Sauvé, Denis",jeu,Directed,580,,261,"#548ac2"
"Sauvé, Denis",langage,Directed,581,,380,"#548ac2"
"Sauvé, Denis",règle,Directed,582,,417,"#548ac2"
"Sauvé, Denis",usage,Directed,583,,256,"#548ac2"
"Sauvé, Denis",wittgenstein,Directed,584,,314,"#548ac2"
"Schultess, Daniel",brentano,Directed,585,,67,"#548ac2"
"Schultess, Daniel",chose,Directed,586,,36,"#548ac2"
"Schultess, Daniel",individuation,Directed,587,,42,"#548ac2"
"Schultess, Daniel",lieu,Directed,588,,61,"#548ac2"
"Schultess, Daniel",substance,Directed,589,,38,"#548ac2"
"Seymour, Michel",droit,Directed,590,,254,"#548ac2"
"Seymour, Michel",justice,Directed,591,,140,"#548ac2"
"Seymour, Michel",peuple,Directed,592,,176,"#548ac2"
"Seymour, Michel",principe,Directed,593,,171,"#548ac2"
"Seymour, Michel",rawl,Directed,594,,165,"#548ac2"
"Shea, William",descarte,Directed,595,,53,"#548ac2"
"Shea, William",dieu,Directed,596,,15,"#548ac2"
"Shea, William",mathématique,Directed,597,,13,"#548ac2"
"Shea, William",physique,Directed,598,,14,"#548ac2"
"Shea, William",voir,Directed,599,,12,"#548ac2"
"Smith, Barry",brentano,Directed,600,,100,"#548ac2"
"Smith, Barry",exemple,Directed,601,,71,"#548ac2"
"Smith, Barry",monde,Directed,602,,83,"#548ac2"
"Smith, Barry",objet,Directed,603,,114,"#548ac2"
"Smith, Barry",unité,Directed,604,,84,"#548ac2"
"Sosoe, Lukas",autonomie,Directed,605,,26,"#548ac2"
"Sosoe, Lukas",moral,Directed,606,,19,"#548ac2"
"Sosoe, Lukas",morale,Directed,607,,23,"#548ac2"
"Sosoe, Lukas",question,Directed,608,,17,"#548ac2"
"Sosoe, Lukas",savoir,Directed,609,,11,"#548ac2"
"Stroud, Sarah",acte,Directed,610,,32,"#548ac2"
"Stroud, Sarah",droit,Directed,611,,148,"#548ac2"
"Stroud, Sarah",enfreindre,Directed,612,,32,"#548ac2"
"Stroud, Sarah",exemple,Directed,613,,27,"#548ac2"
"Stroud, Sarah",mal,Directed,614,,33,"#548ac2"
"Talin, Christian",chine,Directed,615,,148,"#548ac2"
"Talin, Christian",chinois,Directed,616,,75,"#548ac2"
"Talin, Christian",enfant,Directed,617,,86,"#548ac2"
"Talin, Christian",histoire,Directed,618,,73,"#548ac2"
"Talin, Christian",population,Directed,619,,71,"#548ac2"
"Teysseire, Daniel",conseil,Directed,620,,45,"#548ac2"
"Teysseire, Daniel",instruction,Directed,621,,30,"#548ac2"
"Teysseire, Daniel",pari,Directed,622,,29,"#548ac2"
"Teysseire, Daniel",pouvoir,Directed,623,,29,"#548ac2"
"Teysseire, Daniel",public,Directed,624,,31,"#548ac2"
"Thierry, Patrick",burke,Directed,625,,24,"#548ac2"
"Thierry, Patrick",droit,Directed,626,,17,"#548ac2"
"Thierry, Patrick",politique,Directed,627,,22,"#548ac2"
"Thierry, Patrick",principe,Directed,628,,16,"#548ac2"
"Thierry, Patrick",rousseau,Directed,629,,28,"#548ac2"
"Toccafondi, Fiorenza",bühler,Directed,630,,69,"#548ac2"
"Toccafondi, Fiorenza",carnap,Directed,631,,34,"#548ac2"
"Toccafondi, Fiorenza",connaissance,Directed,632,,30,"#548ac2"
"Toccafondi, Fiorenza",karl,Directed,633,,34,"#548ac2"
"Toccafondi, Fiorenza",popper,Directed,634,,95,"#548ac2"
"Tournier, François",explication,Directed,635,,64,"#548ac2"
"Tournier, François",hypothèse,Directed,636,,90,"#548ac2"
"Tournier, François",popper,Directed,637,,161,"#548ac2"
"Tournier, François",théorie,Directed,638,,80,"#548ac2"
"Tournier, François",énoncé,Directed,639,,48,"#548ac2"
"Tremblay, Robert",idéologie,Directed,640,,173,"#548ac2"
"Tremblay, Robert",signe,Directed,641,,166,"#548ac2"
"Tremblay, Robert",social,Directed,642,,151,"#548ac2"
"Tremblay, Robert",système,Directed,643,,101,"#548ac2"
"Tremblay, Robert",sémiotique,Directed,644,,249,"#548ac2"
"Vallée, Richard",croire,Directed,645,,94,"#548ac2"
"Vallée, Richard",fantôme,Directed,646,,101,"#548ac2"
"Vallée, Richard",marie,Directed,647,,70,"#548ac2"
"Vallée, Richard",pierre,Directed,648,,73,"#548ac2"
"Vallée, Richard",pronom,Directed,649,,120,"#548ac2"
"Van Der Schaar, Marietje",brentano,Directed,650,,127,"#548ac2"
"Van Der Schaar, Marietje",jugement,Directed,651,,101,"#548ac2"
"Van Der Schaar, Marietje",sens,Directed,652,,46,"#548ac2"
"Van Der Schaar, Marietje",vrai,Directed,653,,57,"#548ac2"
"Van Der Schaar, Marietje",vérité,Directed,654,,95,"#548ac2"
"Van Eynde, Laurent",espace,Directed,655,,28,"#548ac2"
"Van Eynde, Laurent",geste,Directed,656,,26,"#548ac2"
"Van Eynde, Laurent",oeuvre,Directed,657,,65,"#548ac2"
"Van Eynde, Laurent",pollock,Directed,658,,78,"#548ac2"
"Van Eynde, Laurent",toile,Directed,659,,44,"#548ac2"
"Vernes, Jean-René",expérience,Directed,660,,22,"#548ac2"
"Vernes, Jean-René",hume,Directed,661,,19,"#548ac2"
"Vernes, Jean-René",pensée,Directed,662,,22,"#548ac2"
"Vernes, Jean-René",principe,Directed,663,,22,"#548ac2"
"Vernes, Jean-René",probabilité,Directed,664,,20,"#548ac2"
"Vernes, Paule-Monique",article,Directed,665,,36,"#548ac2"
"Vernes, Paule-Monique",corps,Directed,666,,46,"#548ac2"
"Vernes, Paule-Monique",objet,Directed,667,,29,"#548ac2"
"Vernes, Paule-Monique",passion,Directed,668,,77,"#548ac2"
"Vernes, Paule-Monique",âme,Directed,669,,41,"#548ac2"
"Wunenburger, Jean-Jacques",corps,Directed,670,,55,"#548ac2"
"Wunenburger, Jean-Jacques",mal,Directed,671,,17,"#548ac2"
"Wunenburger, Jean-Jacques",mort,Directed,672,,17,"#548ac2"
"Wunenburger, Jean-Jacques",peinture,Directed,673,,16,"#548ac2"
"Wunenburger, Jean-Jacques",représentation,Directed,674,,33,"#548ac2"
"Zahavi, Dan",constitution,Directed,675,,41,"#548ac2"
"Zahavi, Dan",husserl,Directed,676,,80,"#548ac2"
"Zahavi, Dan",monde,Directed,677,,67,"#548ac2"
"Zahavi, Dan",objet,Directed,678,,52,"#548ac2"
"Zahavi, Dan",transcendantal,Directed,679,,56,"#548ac2"
"Zéphir, Jacques",involontaire,Directed,680,,38,"#548ac2"
"Zéphir, Jacques",mémoire,Directed,681,,46,"#548ac2"
"Zéphir, Jacques",proust,Directed,682,,57,"#548ac2"
"Zéphir, Jacques",présent,Directed,683,,30,"#548ac2"
"Zéphir, Jacques",souvenir,Directed,684,,75,"#548ac2"
