Source (auteur);Cible (forme);Force du lien (poids)
Allard, Gérard;contrat;39
Allard, Gérard;homme;105
Allard, Gérard;julie;47
Allard, Gérard;nature;41
Allard, Gérard;page;122
Allard, Gérard;pléiade;51
Allard, Gérard;rousseau;140
Allard, Gérard;social;54
Allard, Gérard;société;40
Allard, Gérard;voir;56
Aumètre, Jacques;althusser;66
Aumètre, Jacques;critique;50
Aumètre, Jacques;haberma;60
Aumètre, Jacques;histoire;49
Aumètre, Jacques;homme;80
Aumètre, Jacques;idéologie;131
Aumètre, Jacques;mar;71
Aumètre, Jacques;monde;53
Aumètre, Jacques;science;53
Aumètre, Jacques;sujet;38
Beausoleil, Jocelyn;identité;16
Beausoleil, Jocelyn;inégalité;16
Beausoleil, Jocelyn;justice;20
Beausoleil, Jocelyn;notion;73
Beausoleil, Jocelyn;pouvoir;22
Beausoleil, Jocelyn;représentation;21
Beausoleil, Jocelyn;social;30
Beausoleil, Jocelyn;société;43
Beausoleil, Jocelyn;voir;20
Beausoleil, Jocelyn;égalité;146
Bellefleur, Michel;classe;88
Bellefleur, Michel;homme;78
Bellefleur, Michel;humain;40
Bellefleur, Michel;loisir;86
Bellefleur, Michel;nature;42
Bellefleur, Michel;production;48
Bellefleur, Michel;social;113
Bellefleur, Michel;société;47
Bellefleur, Michel;travail;126
Bellefleur, Michel;vie;40
Bellemare, Pierre;aristote;25
Bellemare, Pierre;chose;23
Bellemare, Pierre;langage;23
Bellemare, Pierre;nom;21
Bellemare, Pierre;pensée;16
Bellemare, Pierre;pouvoir;16
Bellemare, Pierre;sens;16
Bellemare, Pierre;sumbolon;19
Bellemare, Pierre;symbole;56
Bellemare, Pierre;texte;17
Bernier, Paul;kripke;75
Bernier, Paul;nom;30
Bernier, Paul;paradoxe;49
Bernier, Paul;problème;29
Bernier, Paul;règle;22
Bernier, Paul;référence;27
Bernier, Paul;sceptique;55
Bernier, Paul;signification;29
Bernier, Paul;solution;51
Bernier, Paul;wittgenstein;24
Blais, François;action;39
Blais, François;cause;33
Blais, François;criminel;35
Blais, François;déterministe;44
Blais, François;pouvoir;39
Blais, François;reconnaître;38
Blais, François;responsabilité;116
Blais, François;règle;37
Blais, François;réformiste;46
Blais, François;science;44
Bordeleau, Léo-Paul;corps;348
Bordeleau, Léo-Paul;devenir;64
Bordeleau, Léo-Paul;humain;96
Bordeleau, Léo-Paul;individu;65
Bordeleau, Léo-Paul;moderne;50
Bordeleau, Léo-Paul;objet;53
Bordeleau, Léo-Paul;social;65
Bordeleau, Léo-Paul;sport;107
Bordeleau, Léo-Paul;sportif;129
Bordeleau, Léo-Paul;système;76
Bouchard, Guy;auditoire;222
Bouchard, Guy;chose;149
Bouchard, Guy;femme;240
Bouchard, Guy;homme;135
Bouchard, Guy;objet;316
Bouchard, Guy;philosophie;145
Bouchard, Guy;sens;134
Bouchard, Guy;sexisme;151
Bouchard, Guy;signe;316
Bouchard, Guy;texte;163
Bouchard, Roch;chose;28
Bouchard, Roch;conscience;23
Bouchard, Roch;dieu;29
Bouchard, Roch;esprit;46
Bouchard, Roch;idéalisme;21
Bouchard, Roch;lachelier;37
Bouchard, Roch;monde;26
Bouchard, Roch;pensée;39
Bouchard, Roch;philosophie;25
Bouchard, Roch;phénomène;24
Boulad Ayoub, Josiane;chose;103
Boulad Ayoub, Josiane;descarte;118
Boulad Ayoub, Josiane;discours;144
Boulad Ayoub, Josiane;ennéade;94
Boulad Ayoub, Josiane;idée;100
Boulad Ayoub, Josiane;idéologie;202
Boulad Ayoub, Josiane;leibniz;92
Boulad Ayoub, Josiane;philosophie;133
Boulad Ayoub, Josiane;philosophique;94
Boulad Ayoub, Josiane;substance;231
Bourdeau, Michel;analyse;25
Bourdeau, Michel;chomsky;65
Bourdeau, Michel;generativ;24
Bourdeau, Michel;grammaire;67
Bourdeau, Michel;idée;29
Bourdeau, Michel;linguiste;24
Bourdeau, Michel;linguistique;79
Bourdeau, Michel;problème;29
Bourdeau, Michel;structure;25
Bourdeau, Michel;énoncé;24
Brousson-Rosay, Marie-Christine;corps;32
Brousson-Rosay, Marie-Christine;désir;34
Brousson-Rosay, Marie-Christine;femme;77
Brousson-Rosay, Marie-Christine;fils;31
Brousson-Rosay, Marie-Christine;frère;23
Brousson-Rosay, Marie-Christine;homme;21
Brousson-Rosay, Marie-Christine;loi;40
Brousson-Rosay, Marie-Christine;manque;24
Brousson-Rosay, Marie-Christine;maître;26
Brousson-Rosay, Marie-Christine;père;54
Cantin, Serge;critique;79
Cantin, Serge;hersch;59
Cantin, Serge;homme;79
Cantin, Serge;illusion;82
Cantin, Serge;ker;71
Cantin, Serge;monde;84
Cantin, Serge;philosophie;97
Cantin, Serge;philosophique;67
Cantin, Serge;raison;96
Cantin, Serge;sens;84
Carignan, Maurice;choisir;36
Carignan, Maurice;choix;45
Carignan, Maurice;devenir;23
Carignan, Maurice;esprit;41
Carignan, Maurice;homme;44
Carignan, Maurice;kierkegaard;43
Carignan, Maurice;liberté;82
Carignan, Maurice;possibilité;19
Carignan, Maurice;synthèse;29
Carignan, Maurice;éternel;36
Charette, Léon;droit;83
Charette, Léon;falloir;21
Charette, Léon;homme;34
Charette, Léon;loi;32
Charette, Léon;nature;23
Charette, Léon;ordre;26
Charette, Léon;précepte;108
Charette, Léon;raison;24
Charette, Léon;saint;42
Charette, Léon;thomas;42
Clavet, Jean-Claude;avancer;36
Clavet, Jean-Claude;homme;34
Clavet, Jean-Claude;idéologie;34
Clavet, Jean-Claude;industriel;39
Clavet, Jean-Claude;liberté;64
Clavet, Jean-Claude;marcus;41
Clavet, Jean-Claude;ordre;30
Clavet, Jean-Claude;réalité;28
Clavet, Jean-Claude;social;42
Clavet, Jean-Claude;société;55
Clayborough, Arthur;approche;20
Clayborough, Arthur;considérer;19
Clayborough, Arthur;exemple;20
Clayborough, Arthur;langage;19
Clayborough, Arthur;linguistique;20
Clayborough, Arthur;littéraire;43
Clayborough, Arthur;niveau;28
Clayborough, Arthur;oeuvre;31
Clayborough, Arthur;texte;23
Clayborough, Arthur;trait;17
Cloutier, Yvan;conception;43
Cloutier, Yvan;critique;48
Cloutier, Yvan;français;34
Cloutier, Yvan;gramsci;32
Cloutier, Yvan;idéologie;62
Cloutier, Yvan;littéraire;42
Cloutier, Yvan;monde;44
Cloutier, Yvan;philosophie;73
Cloutier, Yvan;sartre;91
Cloutier, Yvan;sylvestre;41
Courtine, Jean-Jacques;condition;30
Courtine, Jean-Jacques;discours;81
Courtine, Jean-Jacques;discursif;88
Courtine, Jean-Jacques;forme;39
Courtine, Jean-Jacques;formulation;48
Courtine, Jean-Jacques;objet;35
Courtine, Jean-Jacques;rapport;29
Courtine, Jean-Jacques;savoir;40
Courtine, Jean-Jacques;élément;45
Courtine, Jean-Jacques;énoncer;29
Duchesneau, François;analyse;23
Duchesneau, François;cartésien;23
Duchesneau, François;démonstration;21
Duchesneau, François;expérience;17
Duchesneau, François;hypothèse;56
Duchesneau, François;leibniz;38
Duchesneau, François;physique;23
Duchesneau, François;phénomène;25
Duchesneau, François;principe;19
Duchesneau, François;système;19
Dumont, Fernand;catholique;8
Dumont, Fernand;culture;11
Dumont, Fernand;enseignement;8
Dumont, Fernand;histoire;11
Dumont, Fernand;idéologie;11
Dumont, Fernand;lamonde;13
Dumont, Fernand;manuel;11
Dumont, Fernand;mieux;8
Dumont, Fernand;philosophie;18
Dumont, Fernand;pouvoir;8
Gagnon, Claude;auteur;13
Gagnon, Claude;histoire;23
Gagnon, Claude;lusignan;29
Gagnon, Claude;partie;12
Gagnon, Claude;propre;15
Gagnon, Claude;rodrigu;16
Gagnon, Claude;rédaction;13
Gagnon, Claude;science;15
Gagnon, Claude;speculum;37
Gagnon, Claude;vincent;22
Gagnon, Maurice;concept;17
Gagnon, Maurice;connaissance;17
Gagnon, Maurice;enfant;17
Gagnon, Maurice;espace;26
Gagnon, Maurice;inner;17
Gagnon, Maurice;ker;17
Gagnon, Maurice;notion;24
Gagnon, Maurice;piaget;35
Gagnon, Maurice;priori;25
Gagnon, Maurice;structure;30
Gauthier, Gilles;accomplissement;66
Gauthier, Gilles;acte;190
Gauthier, Gilles;croyance;99
Gauthier, Gilles;engagement;124
Gauthier, Gilles;engager;107
Gauthier, Gilles;langage;140
Gauthier, Gilles;locuteur;116
Gauthier, Gilles;mental;86
Gauthier, Gilles;possession;103
Gauthier, Gilles;psychologique;121
Gauthier, Yvon;démonstration;27
Gauthier, Yvon;ensemble;19
Gauthier, Yvon;exemple;20
Gauthier, Yvon;logique;25
Gauthier, Yvon;mathématique;50
Gauthier, Yvon;nombre;20
Gauthier, Yvon;notion;20
Gauthier, Yvon;physique;37
Gauthier, Yvon;preuve;60
Gauthier, Yvon;théorie;88
Gicquel, Hervé-Marie;adler;215
Gicquel, Hervé-Marie;apôtre;80
Gicquel, Hervé-Marie;autorité;85
Gicquel, Hervé-Marie;chrétien;49
Gicquel, Hervé-Marie;confusion;52
Gicquel, Hervé-Marie;homme;65
Gicquel, Hervé-Marie;kierkegaard;123
Gicquel, Hervé-Marie;livre;51
Gicquel, Hervé-Marie;religieux;77
Gicquel, Hervé-Marie;révélation;82
Giroux, France;civil;61
Giroux, France;classe;79
Giroux, France;droit;79
Giroux, France;hegel;114
Giroux, France;individu;42
Giroux, France;liberté;54
Giroux, France;social;70
Giroux, France;société;90
Giroux, France;travail;47
Giroux, France;universel;47
Giroux, Laurent;connaissance;40
Giroux, Laurent;dilthey;70
Giroux, Laurent;esprit;65
Giroux, Laurent;expérience;36
Giroux, Laurent;histoire;114
Giroux, Laurent;historien;42
Giroux, Laurent;historique;72
Giroux, Laurent;interliaison;46
Giroux, Laurent;science;55
Giroux, Laurent;vie;45
Godard, Linda;beauvoir;20
Godard, Linda;différence;24
Godard, Linda;discours;28
Godard, Linda;femme;93
Godard, Linda;féminin;63
Godard, Linda;homme;28
Godard, Linda;question;63
Godard, Linda;rapport;26
Godard, Linda;style;28
Godard, Linda;écriture;30
Gohier, Christiane;classe;26
Gohier, Christiane;dialectique;17
Gohier, Christiane;domination;19
Gohier, Christiane;intellectuel;31
Gohier, Christiane;masse;22
Gohier, Christiane;pouvoir;35
Gohier, Christiane;rapport;26
Gohier, Christiane;savoir;15
Gohier, Christiane;social;37
Gohier, Christiane;société;37
Goldstick, Daniel;althusser;129
Goldstick, Daniel;chose;39
Goldstick, Daniel;concept;45
Goldstick, Daniel;connaissance;119
Goldstick, Daniel;idéologie;39
Goldstick, Daniel;objet;105
Goldstick, Daniel;philosophie;46
Goldstick, Daniel;réel;52
Goldstick, Daniel;science;45
Goldstick, Daniel;théorie;38
Granger, Gilles-Gaston;articulation;17
Granger, Gilles-Gaston;complet;21
Granger, Gilles-Gaston;condition;19
Granger, Gilles-Gaston;fonction;31
Granger, Gilles-Gaston;forme;20
Granger, Gilles-Gaston;langue;44
Granger, Gilles-Gaston;niveau;23
Granger, Gilles-Gaston;nom;19
Granger, Gilles-Gaston;propre;17
Granger, Gilles-Gaston;système;30
Gravel, Pierre;action;53
Gravel, Pierre;etat;49
Gravel, Pierre;hegel;77
Gravel, Pierre;hölderlin;44
Gravel, Pierre;individu;63
Gravel, Pierre;passage;43
Gravel, Pierre;pouvoir;50
Gravel, Pierre;question;39
Gravel, Pierre;terme;41
Gravel, Pierre;tragédie;62
Hould, Richard;comportement;53
Hould, Richard;humain;21
Hould, Richard;information;23
Hould, Richard;modèle;21
Hould, Richard;psychologie;26
Hould, Richard;recherche;18
Hould, Richard;science;17
Hould, Richard;système;17
Hould, Richard;éthologie;23
Hould, Richard;étude;24
Hébert, Robert;culture;58
Hébert, Robert;discours;44
Hébert, Robert;histoire;57
Hébert, Robert;livre;54
Hébert, Robert;pensée;48
Hébert, Robert;philosophie;130
Hébert, Robert;québec;69
Hébert, Robert;québécois;68
Hébert, Robert;rapport;46
Hébert, Robert;texte;56
Jacquette, Dale;condition;41
Jacquette, Dale;entité;23
Jacquette, Dale;incorporation;23
Jacquette, Dale;incorporer;37
Jacquette, Dale;margolis;29
Jacquette, Dale;matériel;25
Jacquette, Dale;montagne;46
Jacquette, Dale;posséder;30
Jacquette, Dale;propriété;41
Jacquette, Dale;vallée;50
Kaufmann, Nicolas;critère;22
Kaufmann, Nicolas;donnée;17
Kaufmann, Nicolas;décision;25
Kaufmann, Nicolas;empirique;22
Kaufmann, Nicolas;hypothèse;38
Kaufmann, Nicolas;preuve;29
Kaufmann, Nicolas;prouver;19
Kaufmann, Nicolas;scientifique;25
Kaufmann, Nicolas;théorie;87
Kaufmann, Nicolas;événement;25
Kerwin, Larkin;description;17
Kerwin, Larkin;grand;13
Kerwin, Larkin;humanité;10
Kerwin, Larkin;mécanique;18
Kerwin, Larkin;observateur;11
Kerwin, Larkin;philosophie;24
Kerwin, Larkin;rasetti;11
Kerwin, Larkin;science;20
Kerwin, Larkin;siècle;15
Kerwin, Larkin;univers;41
Knee, Philip;agir;46
Knee, Philip;foi;44
Knee, Philip;homme;82
Knee, Philip;ironie;45
Knee, Philip;lettre;60
Knee, Philip;liberté;49
Knee, Philip;opinion;43
Knee, Philip;rousseau;127
Knee, Philip;voir;67
Knee, Philip;éthique;45
La Chance, Michaël;corps;60
La Chance, Michaël;expérience;60
La Chance, Michaël;foucault;40
La Chance, Michaël;langage;66
La Chance, Michaël;miroir;43
La Chance, Michaël;métaphore;49
La Chance, Michaël;pouvoir;120
La Chance, Michaël;représentation;43
La Chance, Michaël;savoir;40
La Chance, Michaël;texte;35
Labson, Sam;chose;28
Labson, Sam;idée;36
Labson, Sam;mathématique;22
Labson, Sam;nombre;33
Labson, Sam;physique;20
Labson, Sam;réalité;32
Labson, Sam;sam;86
Labson, Sam;structure;19
Labson, Sam;voir;18
Labson, Sam;énergie;25
Lacharité, Normand;action;97
Lacharité, Normand;activité;52
Lacharité, Normand;environnement;96
Lacharité, Normand;individuel;101
Lacharité, Normand;modèle;48
Lacharité, Normand;produit;57
Lacharité, Normand;relation;79
Lacharité, Normand;social;52
Lacharité, Normand;société;51
Lacharité, Normand;système;201
Laflamme, Simon;dialectique;91
Laflamme, Simon;histoire;114
Laflamme, Simon;humain;107
Laflamme, Simon;morale;40
Laflamme, Simon;raison;99
Laflamme, Simon;sartre;65
Laflamme, Simon;savoir;37
Laflamme, Simon;société;60
Laflamme, Simon;totalisation;45
Laflamme, Simon;éthique;69
Lagueux, Maurice;histoire;33
Lagueux, Maurice;mar;106
Lagueux, Maurice;marxisme;35
Lagueux, Maurice;pensée;29
Lagueux, Maurice;science;40
Lagueux, Maurice;scientifique;35
Lagueux, Maurice;social;31
Lagueux, Maurice;socialisme;31
Lagueux, Maurice;théorie;31
Lagueux, Maurice;voir;40
Laroche-Parent, Madeleine;autorité;13
Laroche-Parent, Madeleine;discours;13
Laroche-Parent, Madeleine;désir;27
Laroche-Parent, Madeleine;femme;66
Laroche-Parent, Madeleine;homme;22
Laroche-Parent, Madeleine;jouissance;15
Laroche-Parent, Madeleine;lacan;24
Laroche-Parent, Madeleine;lieu;22
Laroche-Parent, Madeleine;pouvoir;21
Laroche-Parent, Madeleine;savoir;15
Latraverse, François;association;22
Latraverse, François;canadienne;20
Latraverse, François;congrès;25
Latraverse, François;cours;18
Latraverse, François;juin;18
Latraverse, François;montréal;25
Latraverse, François;philosophie;57
Latraverse, François;philosophy;34
Latraverse, François;université;62
Latraverse, François;wittgenstein;102
Laurier, Daniel;contenu;118
Laurier, Daniel;croyance;68
Laurier, Daniel;créature;76
Laurier, Daniel;fido;137
Laurier, Daniel;intentionnel;143
Laurier, Daniel;linguistique;95
Laurier, Daniel;objet;67
Laurier, Daniel;système;181
Laurier, Daniel;sémantique;104
Laurier, Daniel;état;99
Leclerc, André;exprimer;74
Leclerc, André;grammaire;100
Leclerc, André;général;97
Leclerc, André;idée;77
Leclerc, André;langage;67
Leclerc, André;langue;91
Leclerc, André;mode;225
Leclerc, André;pensée;91
Leclerc, André;proposition;66
Leclerc, André;verbe;129
Lepage, François;circonstance;52
Lepage, François;classe;59
Lepage, François;expression;70
Lepage, François;proposition;43
Lepage, François;russell;81
Lepage, François;signification;47
Lepage, François;théorie;109
Lepage, François;type;72
Lepage, François;valeur;61
Lepage, François;énoncé;47
Leroux, Georges;ancien;27
Leroux, Georges;foucault;95
Leroux, Georges;grec;29
Leroux, Georges;histoire;52
Leroux, Georges;philosophie;38
Leroux, Georges;pouvoir;37
Leroux, Georges;rapport;35
Leroux, Georges;savoir;30
Leroux, Georges;sexualité;54
Leroux, Georges;éthique;48
Letocha, Danièle;althusser;104
Letocha, Danièle;champ;42
Letocha, Danièle;culture;44
Letocha, Danièle;discours;77
Letocha, Danièle;falloir;53
Letocha, Danièle;idéologie;104
Letocha, Danièle;idéologique;57
Letocha, Danièle;objet;57
Letocha, Danièle;science;87
Letocha, Danièle;théorie;47
Luc, Laurent-Paul;connaissance;44
Luc, Laurent-Paul;critique;66
Luc, Laurent-Paul;hegel;104
Luc, Laurent-Paul;homme;60
Luc, Laurent-Paul;hégélien;48
Luc, Laurent-Paul;mar;102
Luc, Laurent-Paul;pari;59
Luc, Laurent-Paul;philosophie;127
Luc, Laurent-Paul;politique;45
Luc, Laurent-Paul;savoir;45
Marchand, Alain;aristote;27
Marchand, Alain;artaud;33
Marchand, Alain;catharsis;34
Marchand, Alain;langage;25
Marchand, Alain;monde;34
Marchand, Alain;réel;76
Marchand, Alain;scène;34
Marchand, Alain;spectateur;26
Marchand, Alain;théâtral;25
Marchand, Alain;théâtre;52
Marcil-Lacoste, Louise;descarte;89
Marcil-Lacoste, Louise;homme;87
Marcil-Lacoste, Louise;montréal;189
Marcil-Lacoste, Louise;philosophie;249
Marcil-Lacoste, Louise;philosophique;159
Marcil-Lacoste, Louise;québec;103
Marcil-Lacoste, Louise;québécois;88
Marcil-Lacoste, Louise;sens;116
Marcil-Lacoste, Louise;égalité;209
Marcil-Lacoste, Louise;étude;89
Margot, Jean-Paul;descarte;78
Margot, Jean-Paul;dieu;60
Margot, Jean-Paul;discours;44
Margot, Jean-Paul;doute;46
Margot, Jean-Paul;folie;167
Margot, Jean-Paul;foucault;107
Margot, Jean-Paul;histoire;66
Margot, Jean-Paul;pensée;46
Margot, Jean-Paul;raison;73
Margot, Jean-Paul;sens;40
Massicotte, Guy;histoire;185
Massicotte, Guy;historien;53
Massicotte, Guy;historique;42
Massicotte, Guy;levasseur;43
Massicotte, Guy;ouvrier;76
Massicotte, Guy;problème;41
Massicotte, Guy;récit;41
Massicotte, Guy;science;37
Massicotte, Guy;social;44
Massicotte, Guy;économique;39
McCormick, Peter;acte;19
McCormick, Peter;brentano;56
McCormick, Peter;concept;16
McCormick, Peter;doctrine;14
McCormick, Peter;husserl;49
McCormick, Peter;intentionnalité;24
McCormick, Peter;intentionnel;21
McCormick, Peter;notion;18
McCormick, Peter;objet;53
McCormick, Peter;psychique;15
Mendenhall, Vance;artistique;34
Mendenhall, Vance;champ;22
Mendenhall, Vance;culture;35
Mendenhall, Vance;esthétique;34
Mendenhall, Vance;expérience;36
Mendenhall, Vance;monde;23
Mendenhall, Vance;oeuvre;44
Mendenhall, Vance;public;19
Mendenhall, Vance;réception;28
Mendenhall, Vance;voir;21
Meunier, Jean-Guy;acte;98
Meunier, Jean-Guy;action;100
Meunier, Jean-Guy;condition;40
Meunier, Jean-Guy;ensemble;49
Meunier, Jean-Guy;illocutoire;143
Meunier, Jean-Guy;langage;49
Meunier, Jean-Guy;langue;47
Meunier, Jean-Guy;logique;35
Meunier, Jean-Guy;système;43
Meunier, Jean-Guy;théorie;77
Miguelez, Roberto;formation;40
Miguelez, Roberto;histoire;59
Miguelez, Roberto;mode;42
Miguelez, Roberto;modèle;62
Miguelez, Roberto;objet;42
Miguelez, Roberto;pratique;41
Miguelez, Roberto;production;48
Miguelez, Roberto;rapport;40
Miguelez, Roberto;social;69
Miguelez, Roberto;société;71
Moggach, Douglas;activité;37
Moggach, Douglas;concret;25
Moggach, Douglas;expérience;18
Moggach, Douglas;forme;25
Moggach, Douglas;husserl;45
Moggach, Douglas;monde;31
Moggach, Douglas;réduction;18
Moggach, Douglas;social;20
Moggach, Douglas;transcendantal;24
Moggach, Douglas;travail;49
Molino, Jean;herméneutique;77
Molino, Jean;interprétation;120
Molino, Jean;monde;79
Molino, Jean;objet;74
Molino, Jean;oeuvre;61
Molino, Jean;problème;71
Molino, Jean;sens;205
Molino, Jean;signe;63
Molino, Jean;signification;135
Molino, Jean;texte;170
Monette, Lise;charron;8
Monette, Lise;clinique;8
Monette, Lise;culpabilité;8
Monette, Lise;désir;10
Monette, Lise;freud;8
Monette, Lise;loi;8
Monette, Lise;mère;7
Monette, Lise;obsessionnel;7
Monette, Lise;père;6
Monette, Lise;sentiment;8
Morosoli, Michèle;corps;22
Morosoli, Michèle;discours;23
Morosoli, Michèle;femme;41
Morosoli, Michèle;féminin;58
Morosoli, Michèle;harding;18
Morosoli, Michèle;inconscient;19
Morosoli, Michèle;lieu;31
Morosoli, Michèle;masculin;20
Morosoli, Michèle;nom;18
Morosoli, Michèle;opposition;21
Nadeau, Robert;hypothèse;30
Nadeau, Robert;logique;42
Nadeau, Robert;loi;33
Nadeau, Robert;modèle;34
Nadeau, Robert;science;76
Nadeau, Robert;scientifique;64
Nadeau, Robert;terme;54
Nadeau, Robert;théorie;130
Nadeau, Robert;énoncé;50
Nadeau, Robert;épistémologie;28
Nguyen, Vinh-De;caractérologie;62
Nguyen, Vinh-De;classe;57
Nguyen, Vinh-De;connaissance;96
Nguyen, Vinh-De;homme;166
Nguyen, Vinh-De;humain;59
Nguyen, Vinh-De;individualité;55
Nguyen, Vinh-De;nature;67
Nguyen, Vinh-De;pascal;51
Nguyen, Vinh-De;rousseau;104
Nguyen, Vinh-De;voir;49
Panaccio, Claude;analyse;62
Panaccio, Claude;chose;49
Panaccio, Claude;croire;45
Panaccio, Claude;entité;41
Panaccio, Claude;langage;45
Panaccio, Claude;phrase;52
Panaccio, Claude;principe;49
Panaccio, Claude;propriété;69
Panaccio, Claude;question;54
Panaccio, Claude;stout;47
Paradis, André;corps;62
Paradis, André;culture;67
Paradis, André;désir;181
Paradis, André;objet;86
Paradis, André;pouvoir;178
Paradis, André;propre;68
Paradis, André;rapport;73
Paradis, André;savoir;69
Paradis, André;sens;110
Paradis, André;social;121
Pellerin, René;agir;24
Pellerin, René;aliénation;65
Pellerin, René;humain;23
Pellerin, René;individu;24
Pellerin, René;pari;23
Pellerin, René;pouvoir;23
Pellerin, René;situation;28
Pellerin, René;statut;46
Pellerin, René;structure;24
Pellerin, René;valeur;33
Pestieau, Joseph;besoin;21
Pestieau, Joseph;falloir;15
Pestieau, Joseph;idéal;28
Pestieau, Joseph;idéau;21
Pestieau, Joseph;moyen;16
Pestieau, Joseph;paix;16
Pestieau, Joseph;parti;18
Pestieau, Joseph;politique;41
Pestieau, Joseph;pouvoir;27
Pestieau, Joseph;propagande;15
Piché, Claude;abstraction;25
Piché, Claude;concept;39
Piché, Claude;ker;25
Piché, Claude;krv;20
Piché, Claude;objet;26
Piché, Claude;passage;15
Piché, Claude;psychologie;15
Piché, Claude;raison;36
Piché, Claude;représentation;28
Piché, Claude;sens;19
Plourde, Simonne;conscience;44
Plourde, Simonne;insomnie;35
Plourde, Simonne;jeu;79
Plourde, Simonne;lévina;26
Plourde, Simonne;lévinas;57
Plourde, Simonne;relation;27
Plourde, Simonne;responsabilité;26
Plourde, Simonne;savoir;20
Plourde, Simonne;sommeil;39
Plourde, Simonne;visage;24
Poissant, Louise;corps;18
Poissant, Louise;différence;17
Poissant, Louise;droit;12
Poissant, Louise;femme;85
Poissant, Louise;féminin;13
Poissant, Louise;féminisme;24
Poissant, Louise;féministe;13
Poissant, Louise;homme;21
Poissant, Louise;immobilisme;12
Poissant, Louise;rapport;15
Pronovost, Gilles;concept;21
Pronovost, Gilles;expression;55
Pronovost, Gilles;forme;27
Pronovost, Gilles;langage;23
Pronovost, Gilles;réalité;26
Pronovost, Gilles;science;23
Pronovost, Gilles;sens;22
Pronovost, Gilles;signification;44
Pronovost, Gilles;social;79
Pronovost, Gilles;univers;26
Provençal, Yvon;ensemble;35
Provençal, Yvon;individu;59
Provençal, Yvon;individuel;35
Provençal, Yvon;moderne;50
Provençal, Yvon;objectivité;63
Provençal, Yvon;ordre;117
Provençal, Yvon;référence;42
Provençal, Yvon;science;46
Provençal, Yvon;sens;45
Provençal, Yvon;subjectif;37
Ranger, Philippe;camer;12
Ranger, Philippe;connaissance;25
Ranger, Philippe;gnoséologie;12
Ranger, Philippe;histoire;16
Ranger, Philippe;homme;11
Ranger, Philippe;idéologie;15
Ranger, Philippe;mar;25
Ranger, Philippe;marxiste;12
Ranger, Philippe;postulat;11
Ranger, Philippe;théorie;34
Raulet, Gérard;critique;23
Raulet, Gérard;dialectique;54
Raulet, Gérard;esthétique;26
Raulet, Gérard;histoire;57
Raulet, Gérard;marxisme;24
Raulet, Gérard;modernité;49
Raulet, Gérard;moment;28
Raulet, Gérard;raison;65
Raulet, Gérard;rupture;38
Raulet, Gérard;sens;25
Roumanes, Jacques-Bernard;dia;18
Roumanes, Jacques-Bernard;exclusion;18
Roumanes, Jacques-Bernard;femme;23
Roumanes, Jacques-Bernard;homme;25
Roumanes, Jacques-Bernard;logique;27
Roumanes, Jacques-Bernard;monde;26
Roumanes, Jacques-Bernard;partenaire;17
Roumanes, Jacques-Bernard;pouvoir;23
Roumanes, Jacques-Bernard;rapport;26
Roumanes, Jacques-Bernard;sens;19
Roy, Bruno;alchimique;10
Roy, Bruno;auteur;10
Roy, Bruno;béroalde;10
Roy, Bruno;figure;20
Roy, Bruno;flamel;17
Roy, Bruno;gagnon;21
Roy, Bruno;livre;50
Roy, Bruno;médiéval;13
Roy, Bruno;philosophie;10
Roy, Bruno;texte;14
Roy, Jean;monde;39
Roy, Jean;mouvement;36
Roy, Jean;nouveau;33
Roy, Jean;politique;65
Roy, Jean;pouvoir;50
Roy, Jean;révolution;89
Roy, Jean;révolutionnaire;79
Roy, Jean;situationniste;39
Roy, Jean;société;52
Roy, Jean;total;34
Saint-Arnaud, Jocelyne;aristote;45
Saint-Arnaud, Jocelyne;homme;19
Saint-Arnaud, Jocelyne;justice;84
Saint-Arnaud, Jocelyne;loi;34
Saint-Arnaud, Jocelyne;mérite;18
Saint-Arnaud, Jocelyne;nature;20
Saint-Arnaud, Jocelyne;rapport;25
Saint-Arnaud, Jocelyne;vertu;29
Saint-Arnaud, Jocelyne;égal;19
Saint-Arnaud, Jocelyne;égalité;53
Santamaria, Ulysses;activité;85
Santamaria, Ulysses;critique;83
Santamaria, Ulysses;définir;90
Santamaria, Ulysses;idéalisme;124
Santamaria, Ulysses;mar;231
Santamaria, Ulysses;matérialisme;196
Santamaria, Ulysses;monde;103
Santamaria, Ulysses;pensée;229
Santamaria, Ulysses;pratique;90
Santamaria, Ulysses;réalité;86
Sauvé, Denis;chose;291
Sauvé, Denis;connaître;88
Sauvé, Denis;corps;173
Sauvé, Denis;descarte;101
Sauvé, Denis;morceau;82
Sauvé, Denis;objet;99
Sauvé, Denis;pensée;111
Sauvé, Denis;propriété;240
Sauvé, Denis;sens;169
Sauvé, Denis;substance;269
Savary, Claude;dumont;68
Savary, Claude;expérience;31
Savary, Claude;interprétation;34
Savary, Claude;langage;70
Savary, Claude;pratique;51
Savary, Claude;science;93
Savary, Claude;signification;64
Savary, Claude;social;58
Savary, Claude;société;63
Savary, Claude;taylor;34
Seymour, Michel;agent;38
Seymour, Michel;croire;111
Seymour, Michel;croyance;92
Seymour, Michel;intentionnel;53
Seymour, Michel;matériel;40
Seymour, Michel;pierre;114
Seymour, Michel;principe;58
Seymour, Michel;traduction;52
Seymour, Michel;énigme;35
Seymour, Michel;énoncé;47
Thibault, Pierre;analyse;7
Thibault, Pierre;auteur;6
Thibault, Pierre;caractère;5
Thibault, Pierre;laval;5
Thibault, Pierre;ontologie;5
Thibault, Pierre;philosophie;9
Thibault, Pierre;politique;9
Thibault, Pierre;pouvoir;9
Thibault, Pierre;québec;5
Thibault, Pierre;thomisme;9
Thérien, Gilles;animal;11
Thérien, Gilles;espèce;9
Thérien, Gilles;exemple;13
Thérien, Gilles;lagadec;19
Thérien, Gilles;morale;21
Thérien, Gilles;norme;15
Thérien, Gilles;savoir;14
Thérien, Gilles;science;10
Thérien, Gilles;social;13
Thérien, Gilles;sociobiologie;19
Tournier, François;bioéthique;42
Tournier, François;cas;44
Tournier, François;discours;64
Tournier, François;moral;159
Tournier, François;principe;39
Tournier, François;problème;51
Tournier, François;règle;76
Tournier, François;situation;43
Tournier, François;énoncé;61
Tournier, François;éthique;61
Tremblay, Robert;classe;49
Tremblay, Robert;engel;28
Tremblay, Robert;mar;40
Tremblay, Robert;marxiste;32
Tremblay, Robert;politique;24
Tremblay, Robert;pouvoir;27
Tremblay, Robert;production;24
Tremblay, Robert;social;26
Tremblay, Robert;société;35
Tremblay, Robert;économique;27
Tremblay, Rémi;but;49
Tremblay, Rémi;communauté;43
Tremblay, Rémi;humanité;58
Tremblay, Rémi;husserl;55
Tremblay, Rémi;méditation;59
Tremblay, Rémi;méthode;49
Tremblay, Rémi;philosophe;59
Tremblay, Rémi;philosophie;73
Tremblay, Rémi;philosophique;44
Tremblay, Rémi;sens;96
Vachon, Gérard;freud;54
Vachon, Gérard;inconscient;43
Vachon, Gérard;lazerowitz;40
Vachon, Gérard;philosophe;76
Vachon, Gérard;philosophie;38
Vachon, Gérard;philosophy;50
Vachon, Gérard;psychanalyse;41
Vachon, Gérard;sartre;35
Vachon, Gérard;théorie;44
Vachon, Gérard;wisdom;36
Vallée, Richard;analogie;59
Vallée, Richard;comportement;60
Vallée, Richard;croyance;46
Vallée, Richard;esprit;108
Vallée, Richard;existence;40
Vallée, Richard;hypothèse;38
Vallée, Richard;justifier;34
Vallée, Richard;mental;126
Vallée, Richard;problème;86
Vallée, Richard;état;117
Vidricaire, André;descarte;28
Vidricaire, André;discours;22
Vidricaire, André;enseigner;18
Vidricaire, André;histoire;10
Vidricaire, André;image;12
Vidricaire, André;lecteur;10
Vidricaire, André;méthode;27
Vidricaire, André;objet;13
Vidricaire, André;philosophique;11
Vidricaire, André;voir;35
Vuillemin, Jules;aristote;94
Vuillemin, Jules;chose;115
Vuillemin, Jules;faux;70
Vuillemin, Jules;futur;76
Vuillemin, Jules;nécessaire;74
Vuillemin, Jules;nécessité;56
Vuillemin, Jules;principe;66
Vuillemin, Jules;vrai;123
Vuillemin, Jules;vérité;82
Vuillemin, Jules;événement;72
